Address,BodyText
https://www.cadabams.org/programs/psychotherapy,"Types of Admissions01Regular AdmissionAs and when the family or the primary caregiver confirms the admission by following the processes related to “Admission Procedure”.02Referred AdmissionsMany psychiatrists utilize our psychosocial rehab services for their clients. In cases where the resident is referred from a psychiatrist for psychosocial interventions, the referring psychiatrist also becomes part of the treating team and he/she will be regularly updated about the progress and will also be involved in the overall care. Hundreds of eminent psychiatrists trust us with their clientele when it comes to residential care & rehab.03Admission under Special CircumstancesWe have a number of patrons from various countries and different parts of the country seeking admission. We also have mental health professionals across the country referring us to complex cases that require psychosocial intervention. Under special circumstances where it is not feasible to visit or in case of a crisis/mental health emergency the Director-operations will guide the family after assessing the need for intervention.04Admissions and Mental Health Review BoardYour admissions either be it a Voluntary or Supported is all governed by the Mental Health Care Act 2017. Cadabam's and all its entities are registered as Mental health establishments as per the act and admissions are compliant to the relevant sections of the act. Cadabam's Bangalore centers comes under the purview of Mental Health Review Board (Bangalore and Mysore Division) which is functional at Psychiatry Reception area Arts Theatre, New Building, Opposite to SBI Bank, NIMHANS Hospital Compound, Bangalore 560029. The contact no of the Board is  +91-9480817894 and e-mail: mhrb.bm2022@gmail.com.  All admissions of whatever category mentioned are reported to the Board and anybody with any grievances can also report to Board."
https://www.cadabams.org/blog/understanding-avoidant-personality-disorder,"Avoidant Personality Disorder is a mental illness that makes a person unable to make connections and go out to socialise. People with APD are typically marked by an intense sense of inadequacy and fear of being criticised or rejected by others.  Read further for more comprehensive information about Avoidant Personality Disorder, its symptoms, causes, diagnosis, and treatment. Introduction to Avoidant Personality Disorder Avoidant Personality Disorder is characterised by excessive shyness, hypersensitivity to criticism, and social inhibition. Patients with APD often tend to neglect social relationships and interactions out of fear of rejection or criticism. Their chronic feelings of inadequacy can become a severe impediment to living, which makes it difficult for them to form strong relationships. APD is classified as a chronic disorder that can be treated effectively with appropriate care and intervention. Anxious Avoidant Personality Disorder (AAVPD)Anxious Avoidant Personality Disorder (AAVPD) is a subtype of Avoidant Personality Disorder characterised by a fear of rejection and criticism, which leads individuals to withdraw from social interactions. People with anxious avoidant personality disorder often crave connection but fear vulnerability, creating a push-pull dynamic in relationships. This disorder is marked by low self-esteem, emotional detachment, and difficulty forming close bonds. Treatment typically includes therapy, such as Cognitive Behavioral Therapy (CBT), to address the underlying anxiety and avoidance behaviours.How common is avoidant personality disorder? Avoidant Personality Disorder is a relatively rare disorder that affects approximately 1-2% of the general population. It occurs more commonly among women compared to men. Most of the researchers believe that many cases go undiagnosed or get diagnosed under any other mental condition, such as social anxiety disorder or depression. In many aspects, early diagnosis and treatment enable one to deal with the condition better. Symptoms of Avoidant Personality Disorder Generally, the manifestation of symptoms begins in early adulthood. The syndrome may appear in many forms; for instance, an intense fear of rejection may lead to withdrawal from the environment at work, family gatherings, and any other social situation.  In general, people with APD believe that they are socially inept or inferior to other human beings, which is one of the root causes of chronic low self-esteem. In addition to this, APD patients may be particularly sensitive to criticism and disapproval-even if this criticism or disapproval is constructive, further isolating them from social activity.Causes of Avoidant Personality Disorder The avoidant personality disorder causes are not fully understood, but it is believed that genetic, environmental, and psychological factors contribute to its development. Research suggests that a combination of these avoidant personality disorder causes, along with factors like upbringing, life experiences, and family history, can increase a person’s susceptibility to the condition. Understanding these avoidant personality disorder is crucial for developing effective treatment strategies. Genetic Factors The evidence shows that APD may run in families. This means that, in some way, it is genetically linked. More so, people with relatives who have had a history or tendencies of anxiety or mood disorders are at a higher risk of developing APD. This shows that genetic factors may play a part in developing vulnerability and avoidant behaviour. Environmental Influences Early life experiences or childhood experiences that involve rejection, criticism, and neglect may also trigger the development of APD. Children who, for example, experience continuous belittling or neglect at home risk internalising inadequacy and rejection and, therefore likely to develop avoidant behaviours in adulthood. Psychological Factors There are also psychological factors that could involve low self-esteem and an inclination to negative thinking. People with APD often believe that they have unworthiness for social contact or will not be successful in their relationships; this, therefore, enhances their retreating behaviour. Diagnosing APD Appropriate diagnosis of Avoidant Personality Disorder can be determined through intense psychiatric assessment by a professional mental health care specialist. The diagnosis is often determined based on the presence of continued or persistent patterns of avoidance and social inhibition coupled with a history of chronic hypersensitivity to criticism or rejection. The process of diagnosis may include questionnaires, interviews, and discussions about medical and family histories to dismiss other psychopathologies. Paste typeform embed here. Don't forget to delete this before pasting!Treatment Options for APD Treatments for Avoidant Personality Disorder include psychotherapy and lifestyle changes. In most cases, medication is added if there are comorbid anxiety or depression conditions. Psychotherapy Techniques Psychotherapy, also referred to as talk therapy, is the most common treatment used for APD. Many techniques are employed to replace negative or destructive thought patterns to help develop healthy social skills. Psychodynamic Therapy Psychodynamic therapy focuses on uncovering the unconscious feelings and thoughts that drive avoidant behaviours. Through studying previous events, experiences, and relationships, APD patients are better able to understand why their perspectives toward certain things contribute to their fears and anxiety. This therapy enhances self-awareness and allows an individual to develop emotionally over time. Cognitive Behavioural Therapy (CBT) CBT is also very effective for the treatment of APD. The premise lies in helping individuals identify and challenge those negative thought patterns that lead to social anxiety and avoidance. Gradual exposure, for instance, helps individuals come to accept social interactions and master their fear of rejection. Lifestyle Changes and Coping Strategies In addition to psychotherapy, lifestyle changes will also be an important part of managing APD. The following can be incorporated into daily living: regular exercise, mindfulness practice, small targets on improving social skills, self-esteem building, and a reduction in avoidance. Support networks from friends or family also help in encouragement and motivation./**/
{
  ""items"": [],
  ""group"": """"
}
/**/Living with APD: Personal Stories and Recovery Journeys People with APD often avoid social situations and close relationships due to their fear of being judged. However, recovery is possible with the right support, including therapy, self-compassion, and gradual exposure to social situations. Through professional help and personal effort, individuals can build confidence, develop healthier connections, and lead fulfilling lives while managing their symptoms effectively. Tips from Therapists Therapists often provide patients with suggestions and advice that help them improve their condition. Among such suggestions, some are assertiveness practice, gradual exposure to social conditions, and self-compassion. Moreover, one should seek help from professionals whenever necessary and be tolerant of oneself during the recovery process. Cadabam’s: Pioneering Support and Advanced Treatments for APD At Cadabam’s, we offer comprehensive care with innovative treatment options for patients battling Avoidant Personality Disorder. Our experienced and compassionate team of professionals provides proven techniques, such as Cognitive Behavioural Therapy and psychodynamic therapy, to help clients overcome social anxiety, rebuild self-esteem, and improve social interaction, along with personalised support to alleviate the symptoms. Book screening with our director of triage,  Kamlesh VermaFull NameEmail AddressPhone NumberUnited States+1United Kingdom+44Afghanistan (‫افغانستان‬‎)+93Albania (Shqipëri)+355Algeria (‫الجزائر‬‎)+213American Samoa+1Andorra+376Angola+244Anguilla+1Antigua and Barbuda+1Argentina+54Armenia (Հայաստան)+374Aruba+297Ascension Island+247Australia+61Austria (Österreich)+43Azerbaijan (Azərbaycan)+994Bahamas+1Bahrain (‫البحرين‬‎)+973Bangladesh (বাংলাদেশ)+880Barbados+1Belarus (Беларусь)+375Belgium (België)+32Belize+501Benin (Bénin)+229Bermuda+1Bhutan (འབྲུག)+975Bolivia+591Bosnia and Herzegovina (Босна и Херцеговина)+387Botswana+267Brazil (Brasil)+55British Indian Ocean Territory+246British Virgin Islands+1Brunei+673Bulgaria (България)+359Burkina Faso+226Burundi (Uburundi)+257Cambodia (កម្ពុជា)+855Cameroon (Cameroun)+237Canada+1Cape Verde (Kabu Verdi)+238Caribbean Netherlands+599Cayman Islands+1Central African Republic (République centrafricaine)+236Chad (Tchad)+235Chile+56China (中国)+86Christmas Island+61Cocos (Keeling) Islands+61Colombia+57Comoros (‫جزر القمر‬‎)+269Congo (DRC) (Jamhuri ya Kidemokrasia ya Kongo)+243Congo (Republic) (Congo-Brazzaville)+242Cook Islands+682Costa Rica+506Côte d’Ivoire+225Croatia (Hrvatska)+385Cuba+53Curaçao+599Cyprus (Κύπρος)+357Czech Republic (Česká republika)+420Denmark (Danmark)+45Djibouti+253Dominica+1Dominican Republic (República Dominicana)+1Ecuador+593Egypt (‫مصر‬‎)+20El Salvador+503Equatorial Guinea (Guinea Ecuatorial)+240Eritrea+291Estonia (Eesti)+372Eswatini+268Ethiopia+251Falkland Islands (Islas Malvinas)+500Faroe Islands (Føroyar)+298Fiji+679Finland (Suomi)+358France+33French Guiana (Guyane française)+594French Polynesia (Polynésie française)+689Gabon+241Gambia+220Georgia (საქართველო)+995Germany (Deutschland)+49Ghana (Gaana)+233Gibraltar+350Greece (Ελλάδα)+30Greenland (Kalaallit Nunaat)+299Grenada+1Guadeloupe+590Guam+1Guatemala+502Guernsey+44Guinea (Guinée)+224Guinea-Bissau (Guiné Bissau)+245Guyana+592Haiti+509Honduras+504Hong Kong (香港)+852Hungary (Magyarország)+36Iceland (Ísland)+354India (भारत)+91Indonesia+62Iran (‫ایران‬‎)+98Iraq (‫العراق‬‎)+964Ireland+353Isle of Man+44Israel (‫ישראל‬‎)+972Italy (Italia)+39Jamaica+1Japan (日本)+81Jersey+44Jordan (‫الأردن‬‎)+962Kazakhstan (Казахстан)+7Kenya+254Kiribati+686Kosovo+383Kuwait (‫الكويت‬‎)+965Kyrgyzstan (Кыргызстан)+996Laos (ລາວ)+856Latvia (Latvija)+371Lebanon (‫لبنان‬‎)+961Lesotho+266Liberia+231Libya (‫ليبيا‬‎)+218Liechtenstein+423Lithuania (Lietuva)+370Luxembourg+352Macau (澳門)+853Macedonia (FYROM) (Македонија)+389Madagascar (Madagasikara)+261Malawi+265Malaysia+60Maldives+960Mali+223Malta+356Marshall Islands+692Martinique+596Mauritania (‫موريتانيا‬‎)+222Mauritius (Moris)+230Mayotte+262Mexico (México)+52Micronesia+691Moldova (Republica Moldova)+373Monaco+377Mongolia (Монгол)+976Montenegro (Crna Gora)+382Montserrat+1Morocco (‫المغرب‬‎)+212Mozambique (Moçambique)+258Myanmar (Burma) (မြန်မာ)+95Namibia (Namibië)+264Nauru+674Nepal (नेपाल)+977Netherlands (Nederland)+31New Caledonia (Nouvelle-Calédonie)+687New Zealand+64Nicaragua+505Niger (Nijar)+227Nigeria+234Niue+683Norfolk Island+672North Korea (조선 민주주의 인민 공화국)+850Northern Mariana Islands+1Norway (Norge)+47Oman (‫عُمان‬‎)+968Pakistan (‫پاکستان‬‎)+92Palau+680Palestine (‫فلسطين‬‎)+970Panama (Panamá)+507Papua New Guinea+675Paraguay+595Peru (Perú)+51Philippines+63Poland (Polska)+48Portugal+351Puerto Rico+1Qatar (‫قطر‬‎)+974Réunion (La Réunion)+262Romania (România)+40Russia (Россия)+7Rwanda+250Saint Barthélemy+590Saint Helena+290Saint Kitts and Nevis+1Saint Lucia+1Saint Martin (Saint-Martin (partie française))+590Saint Pierre and Miquelon (Saint-Pierre-et-Miquelon)+508Saint Vincent and the Grenadines+1Samoa+685San Marino+378São Tomé and Príncipe (São Tomé e Príncipe)+239Saudi Arabia (‫المملكة العربية السعودية‬‎)+966Senegal (Sénégal)+221Serbia (Србија)+381Seychelles+248Sierra Leone+232Singapore+65Sint Maarten+1Slovakia (Slovensko)+421Slovenia (Slovenija)+386Solomon Islands+677Somalia (Soomaaliya)+252South Africa+27South Korea (대한민국)+82South Sudan (‫جنوب السودان‬‎)+211Spain (España)+34Sri Lanka (ශ්‍රී ලංකාව)+94Sudan (‫السودان‬‎)+249Suriname+597Svalbard and Jan Mayen+47Sweden (Sverige)+46Switzerland (Schweiz)+41Syria (‫سوريا‬‎)+963Taiwan (台灣)+886Tajikistan+992Tanzania+255Thailand (ไทย)+66Timor-Leste+670Togo+228Tokelau+690Tonga+676Trinidad and Tobago+1Tunisia (‫تونس‬‎)+216Turkey (Türkiye)+90Turkmenistan+993Turks and Caicos Islands+1Tuvalu+688U.S. Virgin Islands+1Uganda+256Ukraine (Україна)+380United Arab Emirates (‫الإمارات العربية المتحدة‬‎)+971United Kingdom+44United States+1Uruguay+598Uzbekistan (Oʻzbekiston)+998Vanuatu+678Vatican City (Città del Vaticano)+39Venezuela+58Vietnam (Việt Nam)+84Wallis and Futuna (Wallis-et-Futuna)+681Western Sahara (‫الصحراء الغربية‬‎)+212Yemen (‫اليمن‬‎)+967Zambia+260Zimbabwe+263Åland Islands+358


/**/
document.getElementById('phone').addEventListener('input', function (e) {
    // Remove any non-numeric characters immediately
    e.target.value = e.target.value.replace(/[^0-9]/g, '');

    // Ensure the input is no more than 10 digits
    if (e.target.value.length > 10) {
        e.target.value = e.target.value.slice(0, 10);
    }
});
document.getElementById('phone').addEventListener('blur', function (e) {
    // Check if the input is exactly 10 digits
    if (e.target.value.length !== 10) {
        alert('Phone number must be exactly 10 digits.');
        e.target.removeEventListener('blur', arguments.callee);
        setTimeout(() => e.target.addEventListener('blur', arguments.callee), 500);
    }
});
/**/Valid number





Thank you! Your submission has been received!Oops! Something went wrong while submitting the form.FAQWhat are the seven traits of avoidant personality disorder? The seven traits of Avoidant Personality Disorder (APD) include extreme sensitivity to criticism, feelings of inadequacy, avoidance of social interactions, fear of rejection, reluctance to engage in new activities, low self-esteem, and a strong desire for acceptance combined with an overwhelming fear of being judged or humiliated. What does avoidant personality disorder look like? Avoidant Personality Disorder (APD) is characterised by extreme shyness, fear of rejection, and social inhibition. Individuals with APD often avoid social situations, feel inadequate, and are highly sensitive to criticism. They may struggle to form relationships and experience significant distress in social or work environments. What is it like living with someone with avoidant personality disorder? Living with someone who has Avoidant Personality Disorder can be challenging, as they may avoid social interactions, struggle with low self-esteem, and fear rejection. Patience and understanding are essential, as they may need encouragement to engage in relationships and professional help to manage their symptoms effectively. Do people with AVPD want friends? Yes, people with Avoidant Personality Disorder (AVPD) often desire friendships. However, their intense fear of rejection and criticism can make it difficult for them to form and maintain social connections. They may crave companionship but find it challenging to initiate or engage in social interactions. Sign up now!Share this article on social media Introduction to Avoidant Personality Disorder Anxious Avoidant Personality Disorder (AAVPD)How common is avoidant personality disorder? Symptoms of Avoidant Personality Disorder Causes of Avoidant Personality Disorder Genetic Factors Environmental Influences Psychological Factors Diagnosing APD Treatment Options for APD Psychotherapy Techniques Psychodynamic Therapy Cognitive Behavioural Therapy (CBT) Lifestyle Changes and Coping Strategies Living with APD: Personal Stories and Recovery Journeys Tips from Therapists Cadabam’s: Pioneering Support and Advanced Treatments for APD Book screening with our director of triage,  Kamlesh VermaFAQWhat are the seven traits of avoidant personality disorder? What does avoidant personality disorder look like? What is it like living with someone with avoidant personality disorder? Do people with AVPD want friends? Share this article on social media/**/
{
  ""items"": [],
  ""group"": """"
}
/**/"
https://www.cadabams.org/programs/comprehensive-deaddiction-program,"Types of Admissions01Regular AdmissionAs and when the family or the primary caregiver confirms the admission by following the processes related to “Admission Procedure”.02Referred AdmissionsMany psychiatrists utilize our psychosocial rehab services for their clients. In cases where the resident is referred from a psychiatrist for psychosocial interventions, the referring psychiatrist also becomes part of the treating team and he/she will be regularly updated about the progress and will also be involved in the overall care. Hundreds of eminent psychiatrists trust us with their clientele when it comes to residential care & rehab.03Admission under Special CircumstancesWe have a number of patrons from various countries and different parts of the country seeking admission. We also have mental health professionals across the country referring us to complex cases that require psychosocial intervention. Under special circumstances where it is not feasible to visit or in case of a crisis/mental health emergency the Director-operations will guide the family after assessing the need for intervention.04Admissions and Mental Health Review BoardYour admissions either be it a Voluntary or Supported is all governed by the Mental Health Care Act 2017. Cadabam's and all its entities are registered as Mental health establishments as per the act and admissions are compliant to the relevant sections of the act. Cadabam's Bangalore centers comes under the purview of Mental Health Review Board (Bangalore and Mysore Division) which is functional at Psychiatry Reception area Arts Theatre, New Building, Opposite to SBI Bank, NIMHANS Hospital Compound, Bangalore 560029. The contact no of the Board is  +91-9480817894 and e-mail: mhrb.bm2022@gmail.com.  All admissions of whatever category mentioned are reported to the Board and anybody with any grievances can also report to Board."
https://www.cadabams.org/programs/enhanced-deaddiction-program,"Types of Admissions01Regular AdmissionAs and when the family or the primary caregiver confirms the admission by following the processes related to “Admission Procedure”.02Referred AdmissionsMany psychiatrists utilize our psychosocial rehab services for their clients. In cases where the resident is referred from a psychiatrist for psychosocial interventions, the referring psychiatrist also becomes part of the treating team and he/she will be regularly updated about the progress and will also be involved in the overall care. Hundreds of eminent psychiatrists trust us with their clientele when it comes to residential care & rehab.03Admission under Special CircumstancesWe have a number of patrons from various countries and different parts of the country seeking admission. We also have mental health professionals across the country referring us to complex cases that require psychosocial intervention. Under special circumstances where it is not feasible to visit or in case of a crisis/mental health emergency the Director-operations will guide the family after assessing the need for intervention.04Admissions and Mental Health Review BoardYour admissions either be it a Voluntary or Supported is all governed by the Mental Health Care Act 2017. Cadabam's and all its entities are registered as Mental health establishments as per the act and admissions are compliant to the relevant sections of the act. Cadabam's Bangalore centers comes under the purview of Mental Health Review Board (Bangalore and Mysore Division) which is functional at Psychiatry Reception area Arts Theatre, New Building, Opposite to SBI Bank, NIMHANS Hospital Compound, Bangalore 560029. The contact no of the Board is  +91-9480817894 and e-mail: mhrb.bm2022@gmail.com.  All admissions of whatever category mentioned are reported to the Board and anybody with any grievances can also report to Board."
https://www.cadabams.org/programs/long-term-and-palliative-care-for-dementia,"Types of Admissions01Regular AdmissionAs and when the family or the primary caregiver confirms the admission by following the processes related to “Admission Procedure”.02Referred AdmissionsMany psychiatrists utilize our psychosocial rehab services for their clients. In cases where the resident is referred from a psychiatrist for psychosocial interventions, the referring psychiatrist also becomes part of the treating team and he/she will be regularly updated about the progress and will also be involved in the overall care. Hundreds of eminent psychiatrists trust us with their clientele when it comes to residential care & rehab.03Admission under Special CircumstancesWe have a number of patrons from various countries and different parts of the country seeking admission. We also have mental health professionals across the country referring us to complex cases that require psychosocial intervention. Under special circumstances where it is not feasible to visit or in case of a crisis/mental health emergency the Director-operations will guide the family after assessing the need for intervention.04Admissions and Mental Health Review BoardYour admissions either be it a Voluntary or Supported is all governed by the Mental Health Care Act 2017. Cadabam's and all its entities are registered as Mental health establishments as per the act and admissions are compliant to the relevant sections of the act. Cadabam's Bangalore centers comes under the purview of Mental Health Review Board (Bangalore and Mysore Division) which is functional at Psychiatry Reception area Arts Theatre, New Building, Opposite to SBI Bank, NIMHANS Hospital Compound, Bangalore 560029. The contact no of the Board is  +91-9480817894 and e-mail: mhrb.bm2022@gmail.com.  All admissions of whatever category mentioned are reported to the Board and anybody with any grievances can also report to Board."
https://www.cadabams.org/blog/understanding-schizotypal-personality-disorder,"Schizotypal personality disorder or STPD is a mental health illness wherein a person experiences a continuous pattern of deep discomfort in socialising or close relationships. A person with STPD also manifests symptoms like distorted views and perceptions, odd speech, and unusual behaviours. Through this blog, we want to help you understand what schizotypal is, what causes this condition, and other aspects of the illness. What is Schizotypal Personality Disorder? As mentioned in the intro, a person with STPD lives in their own world, may share unusual beliefs about the world, may dress a bit eccentrically, and might seem a bit aloof. This mental health condition affects how a person thinks, behaves, and feels. Due to the mentioned symptoms, they often struggle with social relationships.  Historical Context and Classification So, when did discussions about Schizotypal Personality Disorder first begin? Surprisingly, STPD is quite a new addition to the DSM-Ⅲ, first introduced in 1980. Initially, it was grouped together with other conditions related to schizophrenia. However, over time, experts realised it was a different condition and decided to classify it as a personality disorder. Though STPD shares some similarities with schizophrenia, it's generally considered a milder condition without severe psychotic symptoms.  Recognising the Symptoms of Schizotypal Personality Disorder Identifying STPD disorder is challenging due to its similarity with schizophrenia. However, there are a few symptoms that can help you recognise the condition. Core Symptoms and Characteristics People with SPD often seem a bit ""off"" to others. They might have unusual beliefs, like believing in telepathy or superstition. They can be socially reserved and may prefer to keep to themselves. You may also notice odd speech patterns or strange behaviours. Behavioural and Cognitive Traits People with STPD may display peculiar behaviour and thought patterns, such as paranoia or preoccupation with odd beliefs. They often struggle with distorted perceptions and may have difficulty forming coherent ideas, impacting their daily functioning. Social Implications Social interactions for those with STPD can be difficult due to their eccentricity and paranoia. They might appear aloof or socially awkward, which can lead to misunderstandings and difficulties in forming close relationships. Paste typeform embed here. Don't forget to delete this before pasting!Causes and Risk Factors of Schizotypal Personality Disorder Though what exactly causes schizotypal personality disorder is not known, researchers believe it is not a condition that is caused by a single factor, rather multiple elements may play a role in its development, including: - Genetic Influences Like in other mental health conditions, genetics can be an influential factor in the development of STPD. If you have family members with schizophrenia or other related mental health conditions, then you might be more likely to develop STPD. Environmental Contributors The kind of environment we live in can influence our mental health. Growing up in a cold or emotionally distant environment can make one more vulnerable to mental health conditions. Events like childhood trauma, abuse, or neglect can leave an imprint on your personality development, and this may lead to STPD. Associated Risk Factors Apart from the aforementioned factors, there are many other associated factors that can increase the risk of development of STPD. For instance, having a history of psychotic episodes or substance abuse can be linked to the disorder. It is true that actors like this do not have a direct link to the disorder, but it can make you susceptible to it. /**/
{
  ""items"": [],
  ""group"": """"
}
/**/Diagnosis and Assessment for Schizotypal Personality Disorder Generally, people with STPD receive a diagnosis at a very early stage. If your doctor thinks or suspects you have STPD, then there are certain procedures in place to identify it. Let’s understand diagnosis and assessment in detail. Diagnostic Criteria in DSM-5 Under DSM-5, the diagnosis of STPD is defined by certain symptom categories, such as difficulty in understanding oneself, making life choices, or interacting with others. It also includes strange behaviour, perception, or beliefs, limited emotional expression, and distrust towards others. Schizotypal Personality Disorder Tests Though there are no specific STPD tests, diagnosis is mainly based on a clinical interview and observation. However, psychologists might use personality assessments to help understand the severity of symptoms and rule out other conditions. This set of assessment quizzes is not intended to be a diagnostic tool but rather a platform to identify potential symptoms that may need further checks from professionals. Differential Diagnosis Distinguishing STPD from other conditions like schizophrenia, schizoid personality disorder, and avoidant personality disorder is crucial. A thorough evaluation helps determine the accurate diagnosis and appropriate treatment plan. Schizotypal Personality Disorder Treatment  Schizotypal personality disorder is a mental condition with no definite cure. However, there are some effective treatments available, and these are: - Psychotherapy Techniques Psychotherapy is a psychological method that helps patients understand and identify the root cause of the mental condition they are experiencing. The medium of this therapy is communication or talk. By talking to a psychiatrist or psychologist, you can understand how your thoughts, emotions, and behaviour affect your mood. It also helps people learn healthy coping strategies. Cognitive Behavioural Therapy (CBT) CBT is a form of psychotherapy wherein a professional will help you change unhealthy and negative ways of thinking, feeling and behaving. The therapy not only helps you identify negative thoughts and how it’s influenced your behaviour, but it also helps you learn skills to change these thinking and actions to positive ones. Medication Management Though there are no specific medicines available that can cure or target the condition, medication can help you manage and address related symptoms. For example, healthcare professionals may prescribe antidepressants as they can help alleviate certain symptoms. Holistic and Lifestyle Interventions Schizotypal personality disorder is a lifelong condition and may get better over time by adopting healthy changes. For example, maintaining healthy routines such as regular exercise, good sleep hygiene, eating a balanced diet, practising meditation, and taking medicine regularly as prescribed by healthcare professionals.  Living with Schizotypal Personality Disorder Living with STPD is tough and challenging. However, with a little effort and dedication, you can bring many positive changes to your life. Here are a few tips that you can incorporate: - Coping Mechanisms and Strategies It is very important for people with the condition to develop healthy coping mechanisms as it will help them manage the symptoms of STPD. Techniques such as mindfulness, yoga, CBT, and regular exercise can help you reduce anxiety and improve daily functioning.  Building Support Systems Engaging with mental health professionals, joining support groups, and fostering relationships with understanding friends and family members can provide emotional support and encouragement. These connections make navigating the complexities of STPD more manageable. Long-term Management To achieve long-term relief from schizotypal personality disorder, consistency is the key. You need to ensure that you are strictly adhering to the instructions provided by your healthcare provider, such as regular check-ups, continuing the ongoing therapies, following the medication regimen, prioritising self-care, etc. Navigating Schizotypal Personality Disorder with Cadabam’s Mental health conditions like schizotypal personality disorder are challenging. However, with the right treatment and support, you can overcome the barriers. Cadabam’s can be your companion in your journey to healing. With over 30 years of experience in helping people manage their mental health challenges, Cadabam’s offers personalised care, expert guidance, and a compassionate environment, ensuring that you receive the support needed to lead a more fulfilling and balanced life. If you are searching for a solution to your problem, Cadabam’s Rehabilitation Centre can help you with its team of specialized experts. We have been helping thousands of people live healthier and happier lives for 30+ years. We leverage evidence-based approaches and holistic treatment methods to help individuals effectively manage their Schizotypal Personality Disorder. Get in touch with us today. You can call us at +91 96111 94949.Book screening with our director of triage,  Kamlesh VermaFull NameEmail AddressPhone NumberUnited States+1United Kingdom+44Afghanistan (‫افغانستان‬‎)+93Albania (Shqipëri)+355Algeria (‫الجزائر‬‎)+213American Samoa+1Andorra+376Angola+244Anguilla+1Antigua and Barbuda+1Argentina+54Armenia (Հայաստան)+374Aruba+297Ascension Island+247Australia+61Austria (Österreich)+43Azerbaijan (Azərbaycan)+994Bahamas+1Bahrain (‫البحرين‬‎)+973Bangladesh (বাংলাদেশ)+880Barbados+1Belarus (Беларусь)+375Belgium (België)+32Belize+501Benin (Bénin)+229Bermuda+1Bhutan (འབྲུག)+975Bolivia+591Bosnia and Herzegovina (Босна и Херцеговина)+387Botswana+267Brazil (Brasil)+55British Indian Ocean Territory+246British Virgin Islands+1Brunei+673Bulgaria (България)+359Burkina Faso+226Burundi (Uburundi)+257Cambodia (កម្ពុជា)+855Cameroon (Cameroun)+237Canada+1Cape Verde (Kabu Verdi)+238Caribbean Netherlands+599Cayman Islands+1Central African Republic (République centrafricaine)+236Chad (Tchad)+235Chile+56China (中国)+86Christmas Island+61Cocos (Keeling) Islands+61Colombia+57Comoros (‫جزر القمر‬‎)+269Congo (DRC) (Jamhuri ya Kidemokrasia ya Kongo)+243Congo (Republic) (Congo-Brazzaville)+242Cook Islands+682Costa Rica+506Côte d’Ivoire+225Croatia (Hrvatska)+385Cuba+53Curaçao+599Cyprus (Κύπρος)+357Czech Republic (Česká republika)+420Denmark (Danmark)+45Djibouti+253Dominica+1Dominican Republic (República Dominicana)+1Ecuador+593Egypt (‫مصر‬‎)+20El Salvador+503Equatorial Guinea (Guinea Ecuatorial)+240Eritrea+291Estonia (Eesti)+372Eswatini+268Ethiopia+251Falkland Islands (Islas Malvinas)+500Faroe Islands (Føroyar)+298Fiji+679Finland (Suomi)+358France+33French Guiana (Guyane française)+594French Polynesia (Polynésie française)+689Gabon+241Gambia+220Georgia (საქართველო)+995Germany (Deutschland)+49Ghana (Gaana)+233Gibraltar+350Greece (Ελλάδα)+30Greenland (Kalaallit Nunaat)+299Grenada+1Guadeloupe+590Guam+1Guatemala+502Guernsey+44Guinea (Guinée)+224Guinea-Bissau (Guiné Bissau)+245Guyana+592Haiti+509Honduras+504Hong Kong (香港)+852Hungary (Magyarország)+36Iceland (Ísland)+354India (भारत)+91Indonesia+62Iran (‫ایران‬‎)+98Iraq (‫العراق‬‎)+964Ireland+353Isle of Man+44Israel (‫ישראל‬‎)+972Italy (Italia)+39Jamaica+1Japan (日本)+81Jersey+44Jordan (‫الأردن‬‎)+962Kazakhstan (Казахстан)+7Kenya+254Kiribati+686Kosovo+383Kuwait (‫الكويت‬‎)+965Kyrgyzstan (Кыргызстан)+996Laos (ລາວ)+856Latvia (Latvija)+371Lebanon (‫لبنان‬‎)+961Lesotho+266Liberia+231Libya (‫ليبيا‬‎)+218Liechtenstein+423Lithuania (Lietuva)+370Luxembourg+352Macau (澳門)+853Macedonia (FYROM) (Македонија)+389Madagascar (Madagasikara)+261Malawi+265Malaysia+60Maldives+960Mali+223Malta+356Marshall Islands+692Martinique+596Mauritania (‫موريتانيا‬‎)+222Mauritius (Moris)+230Mayotte+262Mexico (México)+52Micronesia+691Moldova (Republica Moldova)+373Monaco+377Mongolia (Монгол)+976Montenegro (Crna Gora)+382Montserrat+1Morocco (‫المغرب‬‎)+212Mozambique (Moçambique)+258Myanmar (Burma) (မြန်မာ)+95Namibia (Namibië)+264Nauru+674Nepal (नेपाल)+977Netherlands (Nederland)+31New Caledonia (Nouvelle-Calédonie)+687New Zealand+64Nicaragua+505Niger (Nijar)+227Nigeria+234Niue+683Norfolk Island+672North Korea (조선 민주주의 인민 공화국)+850Northern Mariana Islands+1Norway (Norge)+47Oman (‫عُمان‬‎)+968Pakistan (‫پاکستان‬‎)+92Palau+680Palestine (‫فلسطين‬‎)+970Panama (Panamá)+507Papua New Guinea+675Paraguay+595Peru (Perú)+51Philippines+63Poland (Polska)+48Portugal+351Puerto Rico+1Qatar (‫قطر‬‎)+974Réunion (La Réunion)+262Romania (România)+40Russia (Россия)+7Rwanda+250Saint Barthélemy+590Saint Helena+290Saint Kitts and Nevis+1Saint Lucia+1Saint Martin (Saint-Martin (partie française))+590Saint Pierre and Miquelon (Saint-Pierre-et-Miquelon)+508Saint Vincent and the Grenadines+1Samoa+685San Marino+378São Tomé and Príncipe (São Tomé e Príncipe)+239Saudi Arabia (‫المملكة العربية السعودية‬‎)+966Senegal (Sénégal)+221Serbia (Србија)+381Seychelles+248Sierra Leone+232Singapore+65Sint Maarten+1Slovakia (Slovensko)+421Slovenia (Slovenija)+386Solomon Islands+677Somalia (Soomaaliya)+252South Africa+27South Korea (대한민국)+82South Sudan (‫جنوب السودان‬‎)+211Spain (España)+34Sri Lanka (ශ්‍රී ලංකාව)+94Sudan (‫السودان‬‎)+249Suriname+597Svalbard and Jan Mayen+47Sweden (Sverige)+46Switzerland (Schweiz)+41Syria (‫سوريا‬‎)+963Taiwan (台灣)+886Tajikistan+992Tanzania+255Thailand (ไทย)+66Timor-Leste+670Togo+228Tokelau+690Tonga+676Trinidad and Tobago+1Tunisia (‫تونس‬‎)+216Turkey (Türkiye)+90Turkmenistan+993Turks and Caicos Islands+1Tuvalu+688U.S. Virgin Islands+1Uganda+256Ukraine (Україна)+380United Arab Emirates (‫الإمارات العربية المتحدة‬‎)+971United Kingdom+44United States+1Uruguay+598Uzbekistan (Oʻzbekiston)+998Vanuatu+678Vatican City (Città del Vaticano)+39Venezuela+58Vietnam (Việt Nam)+84Wallis and Futuna (Wallis-et-Futuna)+681Western Sahara (‫الصحراء الغربية‬‎)+212Yemen (‫اليمن‬‎)+967Zambia+260Zimbabwe+263Åland Islands+358


/**/
document.getElementById('phone').addEventListener('input', function (e) {
    // Remove any non-numeric characters immediately
    e.target.value = e.target.value.replace(/[^0-9]/g, '');

    // Ensure the input is no more than 10 digits
    if (e.target.value.length > 10) {
        e.target.value = e.target.value.slice(0, 10);
    }
});
document.getElementById('phone').addEventListener('blur', function (e) {
    // Check if the input is exactly 10 digits
    if (e.target.value.length !== 10) {
        alert('Phone number must be exactly 10 digits.');
        e.target.removeEventListener('blur', arguments.callee);
        setTimeout(() => e.target.addEventListener('blur', arguments.callee), 500);
    }
});
/**/Valid number





Thank you! Your submission has been received!Oops! Something went wrong while submitting the form.FAQs1. What are the available treatments for schizotypal personality disorder? Treatment options for Schizotypal Personality Disorder include psychotherapy (such as cognitive-behavioural therapy), medication to manage symptoms, and support from mental health professionals to improve social skills and coping mechanisms. 2. What are the common symptoms of schizotypal personality disorder? Common symptoms of Schizotypal Personality Disorder include eccentric behaviour, unusual beliefs or superstition thinking, social anxiety, paranoia, odd speech, and difficulty forming close relationships. 3. How can family and friends support someone with schizotypal personality disorder? Family and friends can support someone with schizotypal personality disorder by offering understanding, encouraging treatment, fostering a non-judgmental environment, and being patient with their unique needs and challenges. 4. What is the difference between schizotypal personality disorder and schizophrenia? Schizotypal Personality Disorder involves eccentric behaviour and unusual beliefs, while schizophrenia includes more severe symptoms like hallucinations and delusions. Schizotypal is less debilitating and doesn’t disrupt reality as profoundly. Sign up now!Share this article on social media What is Schizotypal Personality Disorder? Historical Context and Classification Recognising the Symptoms of Schizotypal Personality Disorder Core Symptoms and Characteristics Behavioural and Cognitive Traits Social Implications Causes and Risk Factors of Schizotypal Personality Disorder Genetic Influences Environmental Contributors Associated Risk Factors Diagnosis and Assessment for Schizotypal Personality Disorder Diagnostic Criteria in DSM-5 Schizotypal Personality Disorder Tests Differential Diagnosis Schizotypal Personality Disorder Treatment  Psychotherapy Techniques Cognitive Behavioural Therapy (CBT) Medication Management Holistic and Lifestyle Interventions Living with Schizotypal Personality Disorder Coping Mechanisms and Strategies Building Support Systems Long-term Management Navigating Schizotypal Personality Disorder with Cadabam’s Book screening with our director of triage,  Kamlesh VermaFAQs1. What are the available treatments for schizotypal personality disorder? 2. What are the common symptoms of schizotypal personality disorder? 3. How can family and friends support someone with schizotypal personality disorder? 4. What is the difference between schizotypal personality disorder and schizophrenia? Share this article on social media/**/
{
  ""items"": [],
  ""group"": """"
}
/**/"
https://www.cadabams.org/blog/long-term-rehab-success-stories,"Rehabilitation success stories are like the chronicles where the hero fights inner wars, unaware of how they should go on. In this journey, this hero meets guides, builds strength through resilience, and finds inner power to transform his life into a better one. This is the heart of mental health rehabilitation, where healing faces resistance and is battled for, and recovery is the prize for the hero. Rehabilitation or rehab, in other words, is light at the end of the tunnel, which leads the way when darkness rears its ugly head. We now present a collection of representative rehabilitation stories in which people become their heroes. The Role of Individual Determination and Support Systems Every rehabilitation success story starts with finding the courage to overcome challenges. Determination and loyal support from family, friends, and professionals will make it clear in which direction to go for mental health rehabilitation. The Science Behind Mental Health Rehabilitation The concept of mental health rehabilitation is based on the principle of holistic recovery by addressing evidence-based therapies used to help meet the psychological, social, and physical needs of individuals. This is then interconnected to come together in the rehabilitation program as the treatment combines all aspects. Key Components of Effective Rehabilitation Services Effective mental health rehabilitation is designed based on a personally tailored care plan, which considers the individual's requirements. These services are provided by multidisciplinary teams of psychiatrists, psychologists, social workers, and occupational therapists. The approach for mental health rehabilitation is a dual track to psychological and physical wellness, such as maximisation of psychotropic medication, assessment of physical and psychological functions, group activities each day, occupational therapy, community integration, and family involvement in the rehabilitation services. Such approaches increase the outcomes for rehabilitation success stories. It is through holistic care and local partnerships. Cognitive Interventions and Their Benefits Key elements of cognitive interventions for mental health rehabilitation include Cognitive Behavioural Therapy (CBT) and Cognitive Remediation Therapy (CRT). The functioning is  targeted to boost cognition, including memory and attention, to enhance the skill to solve problems. Ultimately, quality of life and functioning in everyday life begin to pick up on a positive trajectory.  Triumphs of Rehabilitation: Real-Life Success Stories  Among many who travelled down the path of mental health rehabilitation, these heroes emerged with a newfound sense of control and purpose in life. Here is one among many rehabilitation success stories that will give you a glimpse of the scope of treatment and show you the power of determination: Seeta’s Journey of Resilience and Mental Health Rehabilitation The story of 68-year-old Seeta is one of resilience in the face of lifelong mental health challenges. Her journey began with a promising academic career and professional success, but personal turmoil, including a traumatic abortion and a broken marriage, triggered her psychological decline. Despite her brilliance, Seeta's mental health deteriorated, leading to frequent relapses and hospitalisations. However, her story took a turn when she was admitted to Cadabam’s, a pivotal moment in her path to stability. The Role of Mental Health Rehabilitation Mental health rehabilitation played a central role in Seeta’s recovery. The holistic approach provided her with consistent medical care, therapy, and electroconvulsive therapy (ECT) to stabilise her symptoms. Art therapy became an outlet for her to express emotions that words couldn’t capture. She was offered a structured, compassionate environment that allowed her to gradually regain control over her life. The sense of responsibility she found in leading art activities helped her rebuild her self-worth and focus on healing. The result  Although Seeta's condition remains a lifelong challenge, the rehabilitation process at Cadabam’s enabled her to manage her symptoms and live a more peaceful life. Today, she enjoys her solitude, spending her days reading, walking, and engaging in simple pleasures. While her delusions persist, Seeta’s ability to function with stability and her acceptance of her condition reflects the transformative power of mental health rehabilitation. Cadabam’s helped her not only cope with her illness but also rediscover a sense of inner peace and purpose. This is an example of many rehabilitation success stories which demonstrate that professional care, therapeutic intervention and ongoing support turn the most severe mental health issues into a roadmap toward satisfaction. Paste typeform embed here. Don't forget to delete this before pasting!Rehabilitation Strategies for Complex Psychosis In the case of complex psychosis for mental health rehabilitation, the strategies combine psychiatric care with individual cognitive interventions and highly supportive social environments to cope effectively with such an illness. The Importance of a Recovery-Oriented Approach In recovery-oriented mental health rehabilitation, there is an emphasis on the strength of the individual in taking control of recovery than anything else. Care now focuses on personal growth strengths, resiliencies and long-term well-being to encourage more active participation of individuals in their care. Customising Care: Tailored Programs and Interventions Just as every individual is different, their mental health rehabilitation needs differ as well. At Cadabam’s, we believe in providing customised programs that target certain problems so people get the right treatments for their situation.  Are you prepared to go on your healing journey? Contact us to learn more about our customised rehabilitation programs tailored to your concerns at Cadabam’s. The Importance of Community and Supportive Networks The other most important factor for successful mental health rehabilitation is effective support systems, regardless of whether such a support system is a family unit, a peer group, or a professional networking structure.  This is because stability within such an entity provides a person with a base to come back to and maintain his or her gains even during times of tremendous frustration during the recovery process. /**/
{
  ""items"": [],
  ""group"": """"
}
/**/Addressing Challenges and Setbacks No mental health rehabilitation program is devoid of obstacles, but such obstacles can be best overcome by having suitable strategies and support to do so. Addressing the Stigma Surrounding Rehabilitation The significant problem related to mental health rehabilitation is the stigma surrounding it. Accessing necessary care remains a significant challenge. The process of overcoming challenges and forming an important aspect of nudging people towards receiving care is education and frank communication. Reduced stigma results in increased entry into mental health rehabilitation and, subsequently, increased success stories in rehabilitation. Financial Strains and Access to Care Financial constraints make essential mental health rehabilitation care inaccessible to many. Therefore, many cannot afford long-term care owing to financial constraints. Some of the ways through which the above issues can be transcended include expansion of insurance coverage, provision of government subsidies, and incorporation of sliding scale payment options relative to mental health services so that treatment takes place pain-free. Emotional and Psychological Resilience  One of the goals of mental health rehabilitation is building a capacity for emotional and psychological resilience. Developing such skills will make it easier for one to cope with setbacks, maintain their focus on treatment, and perform better at stress or handling. Strong resilience capacity increases the ability to continue progressing towards long-term stability and positive mental health outcomes. Strategies for Overcoming Rehabilitation Challenges Challenges in mental health rehabilitation are simply defeated through a focused effort of the patients as well as professionals. Some of the strategic approaches put in place include: Growing in positive ways Promotion of awareness Celebrating success Improving access Strengthening coping mechanism Building a support network. These techniques allow individuals to survive hardships, grow stronger, and heal gradually. Empowering Resilience: A Future Shaped by Rehabilitation Success at Cadabam’s At Cadabam's, we believe in rehabilitation success stories and empower individuals to build emotional resilience towards permanent recovery. Our professional rehabilitation and treatment help individuals reclaim the reins of their lives. Get in touch for your journey on the path to mental wellness now. Reshaping Long-term rehabilitation with Cadabam's Anvita At Cadabam's Anvita, we believe in approaching mental health rehabilitation through personalised care plans to ensure rehabilitation success stories that can inspire many to seek the help they need.  Our programs are designed to deliver continuous support tailored to every individual's specific needs and prepare them for long-term success. Contact us today for a recovery journey that helps you regain control of your mental health journey. Book screening with our director of triage,  Kamlesh VermaFull NameEmail AddressPhone NumberUnited States+1United Kingdom+44Afghanistan (‫افغانستان‬‎)+93Albania (Shqipëri)+355Algeria (‫الجزائر‬‎)+213American Samoa+1Andorra+376Angola+244Anguilla+1Antigua and Barbuda+1Argentina+54Armenia (Հայաստան)+374Aruba+297Ascension Island+247Australia+61Austria (Österreich)+43Azerbaijan (Azərbaycan)+994Bahamas+1Bahrain (‫البحرين‬‎)+973Bangladesh (বাংলাদেশ)+880Barbados+1Belarus (Беларусь)+375Belgium (België)+32Belize+501Benin (Bénin)+229Bermuda+1Bhutan (འབྲུག)+975Bolivia+591Bosnia and Herzegovina (Босна и Херцеговина)+387Botswana+267Brazil (Brasil)+55British Indian Ocean Territory+246British Virgin Islands+1Brunei+673Bulgaria (България)+359Burkina Faso+226Burundi (Uburundi)+257Cambodia (កម្ពុជា)+855Cameroon (Cameroun)+237Canada+1Cape Verde (Kabu Verdi)+238Caribbean Netherlands+599Cayman Islands+1Central African Republic (République centrafricaine)+236Chad (Tchad)+235Chile+56China (中国)+86Christmas Island+61Cocos (Keeling) Islands+61Colombia+57Comoros (‫جزر القمر‬‎)+269Congo (DRC) (Jamhuri ya Kidemokrasia ya Kongo)+243Congo (Republic) (Congo-Brazzaville)+242Cook Islands+682Costa Rica+506Côte d’Ivoire+225Croatia (Hrvatska)+385Cuba+53Curaçao+599Cyprus (Κύπρος)+357Czech Republic (Česká republika)+420Denmark (Danmark)+45Djibouti+253Dominica+1Dominican Republic (República Dominicana)+1Ecuador+593Egypt (‫مصر‬‎)+20El Salvador+503Equatorial Guinea (Guinea Ecuatorial)+240Eritrea+291Estonia (Eesti)+372Eswatini+268Ethiopia+251Falkland Islands (Islas Malvinas)+500Faroe Islands (Føroyar)+298Fiji+679Finland (Suomi)+358France+33French Guiana (Guyane française)+594French Polynesia (Polynésie française)+689Gabon+241Gambia+220Georgia (საქართველო)+995Germany (Deutschland)+49Ghana (Gaana)+233Gibraltar+350Greece (Ελλάδα)+30Greenland (Kalaallit Nunaat)+299Grenada+1Guadeloupe+590Guam+1Guatemala+502Guernsey+44Guinea (Guinée)+224Guinea-Bissau (Guiné Bissau)+245Guyana+592Haiti+509Honduras+504Hong Kong (香港)+852Hungary (Magyarország)+36Iceland (Ísland)+354India (भारत)+91Indonesia+62Iran (‫ایران‬‎)+98Iraq (‫العراق‬‎)+964Ireland+353Isle of Man+44Israel (‫ישראל‬‎)+972Italy (Italia)+39Jamaica+1Japan (日本)+81Jersey+44Jordan (‫الأردن‬‎)+962Kazakhstan (Казахстан)+7Kenya+254Kiribati+686Kosovo+383Kuwait (‫الكويت‬‎)+965Kyrgyzstan (Кыргызстан)+996Laos (ລາວ)+856Latvia (Latvija)+371Lebanon (‫لبنان‬‎)+961Lesotho+266Liberia+231Libya (‫ليبيا‬‎)+218Liechtenstein+423Lithuania (Lietuva)+370Luxembourg+352Macau (澳門)+853Macedonia (FYROM) (Македонија)+389Madagascar (Madagasikara)+261Malawi+265Malaysia+60Maldives+960Mali+223Malta+356Marshall Islands+692Martinique+596Mauritania (‫موريتانيا‬‎)+222Mauritius (Moris)+230Mayotte+262Mexico (México)+52Micronesia+691Moldova (Republica Moldova)+373Monaco+377Mongolia (Монгол)+976Montenegro (Crna Gora)+382Montserrat+1Morocco (‫المغرب‬‎)+212Mozambique (Moçambique)+258Myanmar (Burma) (မြန်မာ)+95Namibia (Namibië)+264Nauru+674Nepal (नेपाल)+977Netherlands (Nederland)+31New Caledonia (Nouvelle-Calédonie)+687New Zealand+64Nicaragua+505Niger (Nijar)+227Nigeria+234Niue+683Norfolk Island+672North Korea (조선 민주주의 인민 공화국)+850Northern Mariana Islands+1Norway (Norge)+47Oman (‫عُمان‬‎)+968Pakistan (‫پاکستان‬‎)+92Palau+680Palestine (‫فلسطين‬‎)+970Panama (Panamá)+507Papua New Guinea+675Paraguay+595Peru (Perú)+51Philippines+63Poland (Polska)+48Portugal+351Puerto Rico+1Qatar (‫قطر‬‎)+974Réunion (La Réunion)+262Romania (România)+40Russia (Россия)+7Rwanda+250Saint Barthélemy+590Saint Helena+290Saint Kitts and Nevis+1Saint Lucia+1Saint Martin (Saint-Martin (partie française))+590Saint Pierre and Miquelon (Saint-Pierre-et-Miquelon)+508Saint Vincent and the Grenadines+1Samoa+685San Marino+378São Tomé and Príncipe (São Tomé e Príncipe)+239Saudi Arabia (‫المملكة العربية السعودية‬‎)+966Senegal (Sénégal)+221Serbia (Србија)+381Seychelles+248Sierra Leone+232Singapore+65Sint Maarten+1Slovakia (Slovensko)+421Slovenia (Slovenija)+386Solomon Islands+677Somalia (Soomaaliya)+252South Africa+27South Korea (대한민국)+82South Sudan (‫جنوب السودان‬‎)+211Spain (España)+34Sri Lanka (ශ්‍රී ලංකාව)+94Sudan (‫السودان‬‎)+249Suriname+597Svalbard and Jan Mayen+47Sweden (Sverige)+46Switzerland (Schweiz)+41Syria (‫سوريا‬‎)+963Taiwan (台灣)+886Tajikistan+992Tanzania+255Thailand (ไทย)+66Timor-Leste+670Togo+228Tokelau+690Tonga+676Trinidad and Tobago+1Tunisia (‫تونس‬‎)+216Turkey (Türkiye)+90Turkmenistan+993Turks and Caicos Islands+1Tuvalu+688U.S. Virgin Islands+1Uganda+256Ukraine (Україна)+380United Arab Emirates (‫الإمارات العربية المتحدة‬‎)+971United Kingdom+44United States+1Uruguay+598Uzbekistan (Oʻzbekiston)+998Vanuatu+678Vatican City (Città del Vaticano)+39Venezuela+58Vietnam (Việt Nam)+84Wallis and Futuna (Wallis-et-Futuna)+681Western Sahara (‫الصحراء الغربية‬‎)+212Yemen (‫اليمن‬‎)+967Zambia+260Zimbabwe+263Åland Islands+358


/**/
document.getElementById('phone').addEventListener('input', function (e) {
    // Remove any non-numeric characters immediately
    e.target.value = e.target.value.replace(/[^0-9]/g, '');

    // Ensure the input is no more than 10 digits
    if (e.target.value.length > 10) {
        e.target.value = e.target.value.slice(0, 10);
    }
});
document.getElementById('phone').addEventListener('blur', function (e) {
    // Check if the input is exactly 10 digits
    if (e.target.value.length !== 10) {
        alert('Phone number must be exactly 10 digits.');
        e.target.removeEventListener('blur', arguments.callee);
        setTimeout(() => e.target.addEventListener('blur', arguments.callee), 500);
    }
});
/**/Valid number





Thank you! Your submission has been received!Oops! Something went wrong while submitting the form.FAQ What is the importance of recovery stories and mental health rehabilitation? Recovery stories provide valuable insights into rehabilitation and the recovery journey, offering hope and guidance to individuals facing mental health challenges and their loved ones.Why is a recovery-oriented approach important in rehabilitation? A recovery-oriented approach is important as it talks about the challenges that the person with the mental disorder and their loved ones faced and their triumphs as well. What strategies are employed for complex psychosis rehabilitation? For complex psychosis rehabilitation, strategies that involve physical activity and community-based care are employed. This is because it is good for both their physical and mental health and provides a distraction from their mental health problems.  How do cognitive interventions benefit rehabilitation? Cognitive interventions such as cognitive rehabilitation therapy (CRT) benefit rehabilitation as it improves cognitive abilities and helps patients manage everyday activities.  Sign up now!Share this article on social media The Role of Individual Determination and Support Systems The Science Behind Mental Health Rehabilitation Key Components of Effective Rehabilitation Services Cognitive Interventions and Their Benefits Triumphs of Rehabilitation: Real-Life Success Stories  Seeta’s Journey of Resilience and Mental Health Rehabilitation The Role of Mental Health Rehabilitation The result  Rehabilitation Strategies for Complex Psychosis The Importance of a Recovery-Oriented Approach Customising Care: Tailored Programs and Interventions The Importance of Community and Supportive Networks Addressing Challenges and Setbacks Addressing the Stigma Surrounding Rehabilitation Financial Strains and Access to Care Emotional and Psychological Resilience  Strategies for Overcoming Rehabilitation Challenges Empowering Resilience: A Future Shaped by Rehabilitation Success at Cadabam’s Reshaping Long-term rehabilitation with Cadabam's Anvita Book screening with our director of triage,  Kamlesh VermaFAQ What is the importance of recovery stories and mental health rehabilitation? Why is a recovery-oriented approach important in rehabilitation? What strategies are employed for complex psychosis rehabilitation? How do cognitive interventions benefit rehabilitation? Share this article on social media/**/
{
  ""items"": [],
  ""group"": """"
}
/**/"
https://www.cadabams.org/programs/crisis-intervention,"Types of Admissions01Regular AdmissionAs and when the family or the primary caregiver confirms the admission by following the processes related to “Admission Procedure”.02Referred AdmissionsMany psychiatrists utilize our psychosocial rehab services for their clients. In cases where the resident is referred from a psychiatrist for psychosocial interventions, the referring psychiatrist also becomes part of the treating team and he/she will be regularly updated about the progress and will also be involved in the overall care. Hundreds of eminent psychiatrists trust us with their clientele when it comes to residential care & rehab.03Admission under Special CircumstancesWe have a number of patrons from various countries and different parts of the country seeking admission. We also have mental health professionals across the country referring us to complex cases that require psychosocial intervention. Under special circumstances where it is not feasible to visit or in case of a crisis/mental health emergency the Director-operations will guide the family after assessing the need for intervention.04Admissions and Mental Health Review BoardYour admissions either be it a Voluntary or Supported is all governed by the Mental Health Care Act 2017. Cadabam's and all its entities are registered as Mental health establishments as per the act and admissions are compliant to the relevant sections of the act. Cadabam's Bangalore centers comes under the purview of Mental Health Review Board (Bangalore and Mysore Division) which is functional at Psychiatry Reception area Arts Theatre, New Building, Opposite to SBI Bank, NIMHANS Hospital Compound, Bangalore 560029. The contact no of the Board is  +91-9480817894 and e-mail: mhrb.bm2022@gmail.com.  All admissions of whatever category mentioned are reported to the Board and anybody with any grievances can also report to Board."
https://www.cadabams.org/programs/short-term-rehabilitation,"Types of Admissions01Regular AdmissionAs and when the family or the primary caregiver confirms the admission by following the processes related to “Admission Procedure”.02Referred AdmissionsMany psychiatrists utilize our psychosocial rehab services for their clients. In cases where the resident is referred from a psychiatrist for psychosocial interventions, the referring psychiatrist also becomes part of the treating team and he/she will be regularly updated about the progress and will also be involved in the overall care. Hundreds of eminent psychiatrists trust us with their clientele when it comes to residential care & rehab.03Admission under Special CircumstancesWe have a number of patrons from various countries and different parts of the country seeking admission. We also have mental health professionals across the country referring us to complex cases that require psychosocial intervention. Under special circumstances where it is not feasible to visit or in case of a crisis/mental health emergency the Director-operations will guide the family after assessing the need for intervention.04Admissions and Mental Health Review BoardYour admissions either be it a Voluntary or Supported is all governed by the Mental Health Care Act 2017. Cadabam's and all its entities are registered as Mental health establishments as per the act and admissions are compliant to the relevant sections of the act. Cadabam's Bangalore centers comes under the purview of Mental Health Review Board (Bangalore and Mysore Division) which is functional at Psychiatry Reception area Arts Theatre, New Building, Opposite to SBI Bank, NIMHANS Hospital Compound, Bangalore 560029. The contact no of the Board is  +91-9480817894 and e-mail: mhrb.bm2022@gmail.com.  All admissions of whatever category mentioned are reported to the Board and anybody with any grievances can also report to Board."
https://www.cadabams.org/programs/long-term-rehabilitation,"Types of Admissions01Regular AdmissionAs and when the family or the primary caregiver confirms the admission by following the processes related to “Admission Procedure”.02Referred AdmissionsMany psychiatrists utilize our psychosocial rehab services for their clients. In cases where the resident is referred from a psychiatrist for psychosocial interventions, the referring psychiatrist also becomes part of the treating team and he/she will be regularly updated about the progress and will also be involved in the overall care. Hundreds of eminent psychiatrists trust us with their clientele when it comes to residential care & rehab.03Admission under Special CircumstancesWe have a number of patrons from various countries and different parts of the country seeking admission. We also have mental health professionals across the country referring us to complex cases that require psychosocial intervention. Under special circumstances where it is not feasible to visit or in case of a crisis/mental health emergency the Director-operations will guide the family after assessing the need for intervention.04Admissions and Mental Health Review BoardYour admissions either be it a Voluntary or Supported is all governed by the Mental Health Care Act 2017. Cadabam's and all its entities are registered as Mental health establishments as per the act and admissions are compliant to the relevant sections of the act. Cadabam's Bangalore centers comes under the purview of Mental Health Review Board (Bangalore and Mysore Division) which is functional at Psychiatry Reception area Arts Theatre, New Building, Opposite to SBI Bank, NIMHANS Hospital Compound, Bangalore 560029. The contact no of the Board is  +91-9480817894 and e-mail: mhrb.bm2022@gmail.com.  All admissions of whatever category mentioned are reported to the Board and anybody with any grievances can also report to Board."
https://www.cadabams.org/blog/early-signs-of-schizophrenia,"Schizophrenia is a complex mental disorder that impacts and affects an individual's cognitive functions, emotional responses, and behavioral activities.  Very early schizophrenia symptoms can be detected and tackled without further delays. This blog would, therefore, outline all the early symptoms that can be identified.  It would also outline age-specific indicators along with the importance of early diagnosis and treatment. What is Schizophrenia? The Diagnostic and Statistical Manual (DSM V) defines schizophrenia as a chronic mental illness with positive symptoms (delusions, hallucinations, disorganized speech and behavior), negative symptoms, and cognitive impairment.  Schizophrenia involves severe disturbances in thinking, perceptions, emotional responses, and social interactions.  Afflicted individuals could display a series of signs and symptoms, such as delusions, hallucinations, disorganized thinking, and impaired cognitive functions, which impair a patient's daily life functioning. Early Symptoms of Schizophrenia Early symptoms of schizophrenia, subtle or obvious, can often be missed. In most cases, the signs are not visible, which may sometimes make them elusive to detect or identify. Here are a few symptoms to look out for:  General Early Symptoms General early symptoms of schizophrenia may include social withdrawal, a decrease in motivation, and observable changes in behavior.  Affected individuals may also display odd thinking, fail to keep themselves tidy, and appear with flat affect, an observable reduction in emotional expressiveness. Very Early Symptoms Very early manifestations of schizophrenia are often subtle deviations from normal perception or cognitive functioning.  Any symptom could be vague or minor hallucinations, idiosyncratic beliefs or delusions, and disconnection with reality. Early recognition of these prodromal symptoms is very important in order to help for timely diagnosis. Prodromal Symptoms Prodromal symptoms refer to those early manifestations of the disease before more prominent symptoms arise. For example, one may lose focus, become hypersensitive to sensory inputs, and experience a decline in academic or social functioning.  The prodromal period can last as long as several weeks to years, so diagnosis should be done as early as possible. Paste typeform embed here. Don't forget to delete this before pasting!Early Signs of Schizophrenia in Different Age Groups It is important that parents, teachers, and physicians are aware that schizophrenia symptoms may vary in different ages and developmental cycles. Early Signs in Adolescents Early presentations of schizophrenia in adolescents commonly feature marked behavioral disturbances, such as loss of interest in social activities or specific roles at school, disturbance of pattern of academic achievement, and abnormal thought-form, such as body hallucinations.  Adolescents also exhibit mood swings and changes in sleep patterns that may be ascribed to normal adolescent behavior. Early Signs in Children Identification of schizophrenia at a tender age in children is often challenging because symptoms may resemble normal developmental behaviors.  However, some of the indicators include continuous hallucinations, unorthodox behaviors, and inability to form peer relationships, which might be a warning sign of early-onset schizophrenia.  Sometimes, symptoms start surfacing as early as when the child is five or six years old. Early Signs in Young Adults Early signs of schizophrenia in young adults may be seen in increases in paranoia, withdrawal into social seclusion, and an inability to maintain relationships or work jobs.  This group may exhibit imprecise or abstract thinking or perceptions that can lead to misunderstandings and strife in human relationships. Early Signs in Females There are sometimes early signs that may differ in females to males. Oftentimes, schizophrenia in females will manifest with a predominance of affective symptoms - depression and anxiety in this instance.  Symptoms often begin gradually in women, making the initial diagnosis a little complicated. If identified, such gender-specific differences facilitate a further understanding and management of the disorder. /**/
{
  ""items"": [],
  ""group"": """"
}
/**/Symptoms in Different Life Stages The manifestations of schizophrenia may change with age as the person goes through different life stages. Early manifestations may be more apparent during childhood and adolescence than they are during young adulthood.  A caregiver must understand these developmental changes as it helps in providing appropriate care and support. Diagnosis and Early Intervention Timely diagnosis and early intervention are crucial for effective management of schizophrenia. Early diagnosis significantly affects the long-term prognosis for patients afflicted with such disorders. Importance of Early Diagnosis Early diagnosis of schizophrenia causes early treatment that effectively decreases the severity of symptoms and also improves the quality of the patient.  Research has indicated that early interventions offer improved results in aspects concerning social functioning and lowering symptom severity among patients. Diagnostic Criteria and Methods Diagnosis of schizophrenia is often conducted by a well-trained mental health professional. The evaluation may be based on clinical interviewing, psychological assessment, as well as on medical history check. Diagnostic criteria, such as DSM-5, will guide clinicians in making accurate assessments. When to Seek Help One is advised to seek help once one notices some disturbing changes in the patterns of thinking, feeling, or behavior. Those whose family members display initial symptoms of schizophrenia should seek a mental health professional for diagnosis and subsequent psychotherapeutic therapy. Risk Factors of Schizophrenia There are many risk factors in developing schizophrenia; therefore, understanding them is crucial for identifying and targeting vulnerable subjects at an early stage. Genetic Factors Risk predisposition by genetic factors has a high impact on being at risk for schizophrenia. Such individuals must be enlightened through genetic counseling and information about genetic factors. Environmental Factors Toxin exposure, prenatal stress, traumatic experiences, and other adverse environmental factors may play a role in placing at-risk patients into the schizophrenia category. Early recognition and prevention practices will be based on understanding these risk factors. Developmental Factors Complications occurring during pregnancy and birth or at delivery might also influence the risk associated with this illness. Therefore, through proper care and management of the pregnancy, such complications should be attended to early enough to minimize risk. Biological Factors One of the biological causes of schizophrenia includes an imbalance in neurotransmitter levels. These are some of the neurotransmitters that exist in the brain and may cause imbalance, such as dopamine and glutamate.  Research into such biological markers will help in early detection and treatment. Psychological Factors Early trauma, chronic stress, and the disorganized way of thought have been linked to schizophrenia. Working through these psychological factors via therapeutic intervention will help people deal with their symptoms more effectively. Treatment and Management Early intervention is a must to manage the symptoms of schizophrenia. People suffering from it are sure to recover fully, given the appropriate available treatment. Treatment Options Schizophrenia is usually treated together with antipsychotic drugs and psychotherapy. Pharmacological treatments have the effect of helping to reduce symptoms, while psychosocial and emotional problems can be prepared well by providing people with suitable ways to cope with their condition through therapeutic interventions. Managing Early Symptoms Management of early signs of schizophrenia requires a holistic approach-the aspect of lifestyle changes, therapy, and medication management.  Early support can empower the affected person to overcome the difficulties they face and thereby enhance their overall well-being. Support and Resources Availability of proper support and resources is very important for an individual and his family who are suffering from schizophrenia.  Community support groups, educational resources, and therapeutic services can provide very useful assistance and guidance. Early Schizophrenia Detection at Cadabam’s At Cadabam’s, we feel that early diagnosis and interventions are highly important for schizophrenia. Comprehensive assessments and tailor-made plans with our team of experienced professionals are able to help patients and their families.  We believe in enhancing mental well-being through the potential of early diagnosis and successful management. There is a need for early warning signs recognition to ensure effective intervention and management. We provide plans that help in navigating the individual’s mental health journey. This includes support and resource-rich ways to heighten awareness of symptoms and encourage help-seeking behavior. Early diagnosis could improve outcomes and enhance the quality of life of sufferers of this complex disorder. If you are searching for a solution to your problem, Cadabam’s Rehabilitation Centre can help you with its team of specialized experts. We have been helping thousands of people live healthier and happier lives for 30+ years. We leverage evidence-based approaches and holistic treatment methods to help individuals effectively manage their Schizophrenia. Get in touch with us today. You can call us at +91 96111 94949. Book screening with our director of triage,  Kamlesh VermaFull NameEmail AddressPhone NumberUnited States+1United Kingdom+44Afghanistan (‫افغانستان‬‎)+93Albania (Shqipëri)+355Algeria (‫الجزائر‬‎)+213American Samoa+1Andorra+376Angola+244Anguilla+1Antigua and Barbuda+1Argentina+54Armenia (Հայաստան)+374Aruba+297Ascension Island+247Australia+61Austria (Österreich)+43Azerbaijan (Azərbaycan)+994Bahamas+1Bahrain (‫البحرين‬‎)+973Bangladesh (বাংলাদেশ)+880Barbados+1Belarus (Беларусь)+375Belgium (België)+32Belize+501Benin (Bénin)+229Bermuda+1Bhutan (འབྲུག)+975Bolivia+591Bosnia and Herzegovina (Босна и Херцеговина)+387Botswana+267Brazil (Brasil)+55British Indian Ocean Territory+246British Virgin Islands+1Brunei+673Bulgaria (България)+359Burkina Faso+226Burundi (Uburundi)+257Cambodia (កម្ពុជា)+855Cameroon (Cameroun)+237Canada+1Cape Verde (Kabu Verdi)+238Caribbean Netherlands+599Cayman Islands+1Central African Republic (République centrafricaine)+236Chad (Tchad)+235Chile+56China (中国)+86Christmas Island+61Cocos (Keeling) Islands+61Colombia+57Comoros (‫جزر القمر‬‎)+269Congo (DRC) (Jamhuri ya Kidemokrasia ya Kongo)+243Congo (Republic) (Congo-Brazzaville)+242Cook Islands+682Costa Rica+506Côte d’Ivoire+225Croatia (Hrvatska)+385Cuba+53Curaçao+599Cyprus (Κύπρος)+357Czech Republic (Česká republika)+420Denmark (Danmark)+45Djibouti+253Dominica+1Dominican Republic (República Dominicana)+1Ecuador+593Egypt (‫مصر‬‎)+20El Salvador+503Equatorial Guinea (Guinea Ecuatorial)+240Eritrea+291Estonia (Eesti)+372Eswatini+268Ethiopia+251Falkland Islands (Islas Malvinas)+500Faroe Islands (Føroyar)+298Fiji+679Finland (Suomi)+358France+33French Guiana (Guyane française)+594French Polynesia (Polynésie française)+689Gabon+241Gambia+220Georgia (საქართველო)+995Germany (Deutschland)+49Ghana (Gaana)+233Gibraltar+350Greece (Ελλάδα)+30Greenland (Kalaallit Nunaat)+299Grenada+1Guadeloupe+590Guam+1Guatemala+502Guernsey+44Guinea (Guinée)+224Guinea-Bissau (Guiné Bissau)+245Guyana+592Haiti+509Honduras+504Hong Kong (香港)+852Hungary (Magyarország)+36Iceland (Ísland)+354India (भारत)+91Indonesia+62Iran (‫ایران‬‎)+98Iraq (‫العراق‬‎)+964Ireland+353Isle of Man+44Israel (‫ישראל‬‎)+972Italy (Italia)+39Jamaica+1Japan (日本)+81Jersey+44Jordan (‫الأردن‬‎)+962Kazakhstan (Казахстан)+7Kenya+254Kiribati+686Kosovo+383Kuwait (‫الكويت‬‎)+965Kyrgyzstan (Кыргызстан)+996Laos (ລາວ)+856Latvia (Latvija)+371Lebanon (‫لبنان‬‎)+961Lesotho+266Liberia+231Libya (‫ليبيا‬‎)+218Liechtenstein+423Lithuania (Lietuva)+370Luxembourg+352Macau (澳門)+853Macedonia (FYROM) (Македонија)+389Madagascar (Madagasikara)+261Malawi+265Malaysia+60Maldives+960Mali+223Malta+356Marshall Islands+692Martinique+596Mauritania (‫موريتانيا‬‎)+222Mauritius (Moris)+230Mayotte+262Mexico (México)+52Micronesia+691Moldova (Republica Moldova)+373Monaco+377Mongolia (Монгол)+976Montenegro (Crna Gora)+382Montserrat+1Morocco (‫المغرب‬‎)+212Mozambique (Moçambique)+258Myanmar (Burma) (မြန်မာ)+95Namibia (Namibië)+264Nauru+674Nepal (नेपाल)+977Netherlands (Nederland)+31New Caledonia (Nouvelle-Calédonie)+687New Zealand+64Nicaragua+505Niger (Nijar)+227Nigeria+234Niue+683Norfolk Island+672North Korea (조선 민주주의 인민 공화국)+850Northern Mariana Islands+1Norway (Norge)+47Oman (‫عُمان‬‎)+968Pakistan (‫پاکستان‬‎)+92Palau+680Palestine (‫فلسطين‬‎)+970Panama (Panamá)+507Papua New Guinea+675Paraguay+595Peru (Perú)+51Philippines+63Poland (Polska)+48Portugal+351Puerto Rico+1Qatar (‫قطر‬‎)+974Réunion (La Réunion)+262Romania (România)+40Russia (Россия)+7Rwanda+250Saint Barthélemy+590Saint Helena+290Saint Kitts and Nevis+1Saint Lucia+1Saint Martin (Saint-Martin (partie française))+590Saint Pierre and Miquelon (Saint-Pierre-et-Miquelon)+508Saint Vincent and the Grenadines+1Samoa+685San Marino+378São Tomé and Príncipe (São Tomé e Príncipe)+239Saudi Arabia (‫المملكة العربية السعودية‬‎)+966Senegal (Sénégal)+221Serbia (Србија)+381Seychelles+248Sierra Leone+232Singapore+65Sint Maarten+1Slovakia (Slovensko)+421Slovenia (Slovenija)+386Solomon Islands+677Somalia (Soomaaliya)+252South Africa+27South Korea (대한민국)+82South Sudan (‫جنوب السودان‬‎)+211Spain (España)+34Sri Lanka (ශ්‍රී ලංකාව)+94Sudan (‫السودان‬‎)+249Suriname+597Svalbard and Jan Mayen+47Sweden (Sverige)+46Switzerland (Schweiz)+41Syria (‫سوريا‬‎)+963Taiwan (台灣)+886Tajikistan+992Tanzania+255Thailand (ไทย)+66Timor-Leste+670Togo+228Tokelau+690Tonga+676Trinidad and Tobago+1Tunisia (‫تونس‬‎)+216Turkey (Türkiye)+90Turkmenistan+993Turks and Caicos Islands+1Tuvalu+688U.S. Virgin Islands+1Uganda+256Ukraine (Україна)+380United Arab Emirates (‫الإمارات العربية المتحدة‬‎)+971United Kingdom+44United States+1Uruguay+598Uzbekistan (Oʻzbekiston)+998Vanuatu+678Vatican City (Città del Vaticano)+39Venezuela+58Vietnam (Việt Nam)+84Wallis and Futuna (Wallis-et-Futuna)+681Western Sahara (‫الصحراء الغربية‬‎)+212Yemen (‫اليمن‬‎)+967Zambia+260Zimbabwe+263Åland Islands+358


/**/
document.getElementById('phone').addEventListener('input', function (e) {
    // Remove any non-numeric characters immediately
    e.target.value = e.target.value.replace(/[^0-9]/g, '');

    // Ensure the input is no more than 10 digits
    if (e.target.value.length > 10) {
        e.target.value = e.target.value.slice(0, 10);
    }
});
document.getElementById('phone').addEventListener('blur', function (e) {
    // Check if the input is exactly 10 digits
    if (e.target.value.length !== 10) {
        alert('Phone number must be exactly 10 digits.');
        e.target.removeEventListener('blur', arguments.callee);
        setTimeout(() => e.target.addEventListener('blur', arguments.callee), 500);
    }
});
/**/Valid number





Thank you! Your submission has been received!Oops! Something went wrong while submitting the form.FAQs1. What are the early signs of schizophrenia in adolescents? Early warning signs of schizophrenia at the adolescent stage include social withdrawal, changes in behavior, a deterioration in academic work, and peculiar or odd thoughts or beliefs. Mood swings and sleep patterns might also change. 2. How is schizophrenia diagnosed in its early stages? Diagnosis at this early stage is highly challenging, and thus the proper treatment could not be administered on time. Diagnoses of schizophrenia are made by a psychiatrist based on a broad review that includes clinical interviews, psychological assessments, and reviewing the history. The diagnosis of early schizophrenia focuses on behavioral and cognitive changes that are slight. 3. Can early symptoms of schizophrenia be confused with other conditions? The main reason for this confusion is that early warning signs may resemble warning signs of other disorders, such as depression, anxiety, and substance abuse, and because some symptoms of schizophrenia overlap with those, such as social withdrawal and mood swings. A proper diagnosis has to be determined after a suitable evaluation. 4. What are the risk factors for developing schizophrenia? The risk factors for schizophrenia include family history of the disorder, genetic predisposition, prenatal complications, and stress or trauma during early life. Other factors include environmental factors and an imbalance in brain chemistry. Sign up now!Share this article on social media What is Schizophrenia? Early Symptoms of Schizophrenia General Early Symptoms Very Early Symptoms Prodromal Symptoms Early Signs of Schizophrenia in Different Age Groups Early Signs in Adolescents Early Signs in Children Early Signs in Young Adults Early Signs in Females Symptoms in Different Life Stages Diagnosis and Early Intervention Importance of Early Diagnosis Diagnostic Criteria and Methods When to Seek Help Risk Factors of Schizophrenia Genetic Factors Environmental Factors Developmental Factors Biological Factors Psychological Factors Treatment and Management Treatment Options Managing Early Symptoms Support and Resources Early Schizophrenia Detection at Cadabam’s Book screening with our director of triage,  Kamlesh VermaFAQs1. What are the early signs of schizophrenia in adolescents? 2. How is schizophrenia diagnosed in its early stages? 3. Can early symptoms of schizophrenia be confused with other conditions? 4. What are the risk factors for developing schizophrenia? Share this article on social media/**/
{
  ""items"": [],
  ""group"": """"
}
/**/"
