Keyword,URL
nmims mba,https://sbm.nmims.edu/mba-program
nmims mumbai mba,https://sbm.nmims.edu/mba-program
mba from narsee monjee,https://sbm.nmims.edu/mba-program
mba nmims,https://sbm.nmims.edu/mba-program
narsee monjee mba,https://sbm.nmims.edu/mba-program
nmims mba programs,https://sbm.nmims.edu/mba-program
nmims mba finance,https://sbm.nmims.edu/mba-program
nmims acceptance rate,https://sbm.nmims.edu/mba-program
mba in mumbai,https://sbm.nmims.edu/mba-program
nmims mba,https://sbm.nmims.edu/mba-program
nm college mba,https://sbm.nmims.edu/mba-program
nm college mba,https://sbm.nmims.edu/mba-program
nimis,https://sbm.nmims.edu/mba-program
nmims mba eligibility,https://sbm.nmims.edu/mba-program
mba from nmims,https://sbm.nmims.edu/mba-program
narsee monjee mba,https://sbm.nmims.edu/mba-program
narsee monjee integrated mba,https://familybusiness.nmims.edu/undergraduate-programs/integrated-mba-entrepreneurship-and-family-business/
mba in entrepreneurship,https://familybusiness.nmims.edu/undergraduate-programs/integrated-mba-entrepreneurship-and-family-business/
integrated mba,https://familybusiness.nmims.edu/undergraduate-programs/integrated-mba-entrepreneurship-and-family-business/
nmims bba fees,https://familybusiness.nmims.edu/undergraduate-programs/integrated-mba-entrepreneurship-and-family-business/
dalal company,https://familybusiness.nmims.edu/undergraduate-programs/integrated-mba-entrepreneurship-and-family-business/
bba mba integrated,https://familybusiness.nmims.edu/undergraduate-programs/integrated-mba-entrepreneurship-and-family-business/
bba mba integrated course in 4 years,https://familybusiness.nmims.edu/undergraduate-programs/integrated-mba-entrepreneurship-and-family-business/
entrance exam for integrated mba,https://familybusiness.nmims.edu/undergraduate-programs/integrated-mba-entrepreneurship-and-family-business/
understanding business,https://familybusiness.nmims.edu/undergraduate-programs/integrated-mba-entrepreneurship-and-family-business/
bba and mba integrated course,https://familybusiness.nmims.edu/undergraduate-programs/integrated-mba-entrepreneurship-and-family-business/
efmd,https://familybusiness.nmims.edu/undergraduate-programs/integrated-mba-entrepreneurship-and-family-business/
mba in family business nmims,https://familybusiness.nmims.edu/undergraduate-programs/integrated-mba-entrepreneurship-and-family-business/
mba after bba,https://familybusiness.nmims.edu/undergraduate-programs/integrated-mba-entrepreneurship-and-family-business/
mba integrated course,https://familybusiness.nmims.edu/undergraduate-programs/integrated-mba-entrepreneurship-and-family-business/
bba and mba course,https://familybusiness.nmims.edu/undergraduate-programs/integrated-mba-entrepreneurship-and-family-business/
integrated mba after 12th,https://familybusiness.nmims.edu/undergraduate-programs/integrated-mba-entrepreneurship-and-family-business/
mukesh patel school of technology management & engineering,https://familybusiness.nmims.edu/undergraduate-programs/integrated-mba-entrepreneurship-and-family-business/
nmims mumbai bba fees,https://familybusiness.nmims.edu/undergraduate-programs/integrated-mba-entrepreneurship-and-family-business/
integrated mba means,https://familybusiness.nmims.edu/undergraduate-programs/integrated-mba-entrepreneurship-and-family-business/
nmims integrated mba,https://familybusiness.nmims.edu/undergraduate-programs/integrated-mba-entrepreneurship-and-family-business/
bba mba,https://familybusiness.nmims.edu/undergraduate-programs/integrated-mba-entrepreneurship-and-family-business/
what is integrated mba,https://familybusiness.nmims.edu/undergraduate-programs/integrated-mba-entrepreneurship-and-family-business/
parle company introduction,https://familybusiness.nmims.edu/undergraduate-programs/integrated-mba-entrepreneurship-and-family-business/
sbm nmims mumbai,https://familybusiness.nmims.edu/undergraduate-programs/integrated-mba-entrepreneurship-and-family-business/
narsee monjee vile parle,https://familybusiness.nmims.edu/undergraduate-programs/integrated-mba-entrepreneurship-and-family-business/
live projects for mba,https://familybusiness.nmims.edu/undergraduate-programs/integrated-mba-entrepreneurship-and-family-business/
family business management course,https://familybusiness.nmims.edu/undergraduate-programs/integrated-mba-entrepreneurship-and-family-business/
narsee monjee bba fees,https://familybusiness.nmims.edu/undergraduate-programs/integrated-mba-entrepreneurship-and-family-business/
nmims post graduate courses,https://sbm.nmims.edu/fulltime-programs
narsee monjee courses,https://sbm.nmims.edu/fulltime-programs
nmims mba programs,https://sbm.nmims.edu/fulltime-programs
nmims mba,https://sbm.nmims.edu/fulltime-programs
nmims courses,https://sbm.nmims.edu/fulltime-programs
nmims healthcare management,https://sbm.nmims.edu/fulltime-programs
nmims mba fees for 2 years,https://sbm.nmims.edu/fulltime-programs
nmims pg courses,https://sbm.nmims.edu/fulltime-programs
nmims pharma mba,https://sbm.nmims.edu/fulltime-programs
mba from nmims,https://sbm.nmims.edu/fulltime-programs
nmims courses offered,https://sbm.nmims.edu/fulltime-programs
nmims pgdm,https://sbm.nmims.edu/fulltime-programs
mba courses,https://sbm.nmims.edu/fulltime-programs
mba from narsee monjee,https://sbm.nmims.edu/fulltime-programs
nmims part time mba,https://sbm.nmims.edu/fulltime-programs
nmims mba courses,https://sbm.nmims.edu/fulltime-programs
nmims mumbai mba,https://sbm.nmims.edu/fulltime-programs
mba domains,https://sbm.nmims.edu/fulltime-programs
nmims part time mba fees,https://sbm.nmims.edu/fulltime-programs
mba nmims,https://sbm.nmims.edu/fulltime-programs
narsee monjee mba,https://sbm.nmims.edu/fulltime-programs
nmims mumbai courses,https://sbm.nmims.edu/fulltime-programs
